{
    "common": "common.json",
    "geometry": {
        "advanced": {
            "normalize_mesh": true
        },
        "mesh": "meshes/block.HYBRID",
        "n_refs": 1,
        "surface_selection": 1
    },
    "tests": {
        "err_h1": 0.6366098158209563,
        "err_h1_semi": 0.612694982646947,
        "err_l2": 0.17284940219407555,
        "err_linf": 1.0965597637809772,
        "err_linf_grad": 2.9886957137291272,
        "err_lp": 0.5636030744076752,
        "margin": 1e-05,
        "time_steps": "static"
    }
}