{
    "common": "common.json",
    "geometry": {
        "advanced": {
            "normalize_mesh": true
        },
        "mesh": "meshes/block.HYBRID",
        "surface_selection": 1,
        "n_refs": 1
    },
    "tests": {
        "err_h1": 1.095094756180249,
        "err_h1_semi": 1.0381793950150513,
        "err_l2": 0.3484480862046181,
        "err_linf": 1.2195170973138332,
        "err_linf_grad": 2.4854009867956273,
        "err_lp": 0.7553350746811552,
        "margin": 1e-05,
        "time_steps": "static"
    }
}