{
    "common": "common.json",
    "geometry": {
        "advanced": {
            "normalize_mesh": true
        },
        "mesh": "meshes/cube_twist.HYBRID",
        "n_refs": 1,
        "surface_selection": 1
    },
    "tests": {
        "err_h1": 0.9948823343269707,
        "err_h1_semi": 0.9646976097830489,
        "err_l2": 0.24320645722257192,
        "err_linf": 1.0888771297919517,
        "err_linf_grad": 2.074702593516289,
        "err_lp": 0.566156290226371,
        "margin": 1e-05,
        "time_steps": "static"
    }
}