{
    "common": "common.json",
    "geometry": {
        "advanced": {
            "normalize_mesh": true
        },
        "mesh": "meshes/cube_twist.HYBRID",
        "n_refs": 1,
        "surface_selection": 1
    },
    "tests": {
        "err_h1": 0.9998420455892673,
        "err_h1_semi": 0.9695994915908702,
        "err_l2": 0.24405110537519856,
        "err_linf": 1.0961695556432736,
        "err_linf_grad": 2.0812680765412117,
        "err_lp": 0.570394521051331,
        "margin": 1e-05,
        "time_steps": "static"
    }
}