{
    "common": "common.json",
    "geometry": {
        "advanced": {
            "normalize_mesh": true
        },
        "mesh": "meshes/cup.HYBRID",
        "n_refs": 1,
        "surface_selection": 1
    },
    "tests": {
        "err_h1": 0.38134487667847167,
        "err_h1_semi": 0.3662381805396655,
        "err_l2": 0.10627092774561693,
        "err_linf": 1.0462420377591952,
        "err_linf_grad": 1.0462420377591952,
        "err_lp": 0.4623442416375031,
        "margin": 1e-05,
        "time_steps": "static"
    }
}