{
    "common": "common.json",
    "geometry": {
        "advanced": {
            "normalize_mesh": true
        },
        "mesh": "meshes/cup.HYBRID",
        "n_refs": 1,
        "surface_selection": 1
    },
    "tests": {
        "err_h1": 0.3824745616515827,
        "err_h1_semi": 0.3673955887741178,
        "err_l2": 0.1063356556376536,
        "err_linf": 1.0457561597385268,
        "err_linf_grad": 1.0457561597385268,
        "err_lp": 0.4630300779516341,
        "margin": 1e-05,
        "time_steps": "static"
    }
}