{
    "common": "common.json",
    "geometry": {
        "advanced": {
            "normalize_mesh": true
        },
        "mesh": "meshes/double_torus.HYBRID",
        "surface_selection": 1
    },
    "tests": {
        "err_h1": 0.2921357234716677,
        "err_h1_semi": 0.28337939378623445,
        "err_l2": 0.07098873224435667,
        "err_linf": 1.0489827866012775,
        "err_linf_grad": 1.0489827866012775,
        "err_lp": 0.42148977281447747,
        "margin": 1e-05,
        "time_steps": "static"
    }
}