{
    "common": "common.json",
    "geometry": {
        "advanced": {
            "normalize_mesh": true
        },
        "mesh": "meshes/double_torus.HYBRID",
        "surface_selection": 1
    },
    "tests": {
        "err_h1": 0.2928187377649079,
        "err_h1_semi": 0.28407028661487665,
        "err_l2": 0.07104143473196284,
        "err_linf": 1.0486799902008601,
        "err_linf_grad": 1.0486799902008601,
        "err_lp": 0.42204496465461944,
        "margin": 1e-05,
        "time_steps": "static"
    }
}