{
    "common": "common.json",
    "geometry": {
        "advanced": {
            "normalize_mesh": true
        },
        "mesh": "meshes/duck.HYBRID",
        "n_refs": 1,
        "surface_selection": 1
    },
    "tests": {
        "err_h1": 0.797800103879875,
        "err_h1_semi": 0.7750528973832501,
        "err_l2": 0.1891507652867641,
        "err_linf": 1.0925978698253083,
        "err_linf_grad": 1.8907346846400026,
        "err_lp": 0.5409287024751778,
        "margin": 1e-05,
        "time_steps": "static"
    }
}