{
    "common": "common.json",
    "geometry": {
        "advanced": {
            "normalize_mesh": true
        },
        "mesh": "meshes/penguin.obj",
        "n_refs": 1,
        "surface_selection": 1
    },
    "tests": {
        "err_h1": 1.32553581741645,
        "err_h1_semi": 1.2689961573091981,
        "err_l2": 0.38300646990408016,
        "err_linf": 1.2199610660076006,
        "err_linf_grad": 1.2199610660076006,
        "err_lp": 0.7415540821402986,
        "margin": 1e-05,
        "time_steps": "static"
    }
}