{
    "common": "common.json",
    "geometry": {
        "advanced": {
            "normalize_mesh": true
        },
        "mesh": "meshes/penguin.obj",
        "n_refs": 1,
        "surface_selection": 1
    },
    "tests": {
        "err_h1": 1.324967040828878,
        "err_h1_semi": 1.268409267321484,
        "err_l2": 0.38298249288421793,
        "err_linf": 1.2193203499207201,
        "err_linf_grad": 1.2193203499207201,
        "err_lp": 0.7413391048121911,
        "margin": 1e-05,
        "time_steps": "static"
    }
}